{"n_estimators": 51, "max_depth": 6, "learning_rate": 0.1497384598871784, "reg_alpha": 0.00928173597551682, "reg_lambda": 0.7751884081279219, "random_state": 42, "verbosity": 0}