{"iterations": 129, "depth": 5, "learning_rate": 0.10451717338834135, "l2_leaf_reg": 3.8540091634990907, "bagging_temperature": 0.006762965065728203, "random_state": 42, "verbose": 0}