{"iterations": 65, "depth": 4, "learning_rate": 0.05802538176893244, "l2_leaf_reg": 8.471953196303277, "bagging_temperature": 0.0017804195366291646, "random_state": 42, "verbose": 0}