{"n_estimators": 58, "max_depth": 7, "learning_rate": 0.011018739012796415, "reg_alpha": 0.472228012052647, "reg_lambda": 0.7585954277091836, "random_state": 42, "verbosity": -1}