{"n_estimators": 52, "max_depth": 6, "learning_rate": 0.11052051572951642, "reg_alpha": 0.4385040068017372, "reg_lambda": 1.818779220359199, "random_state": 42, "verbosity": 0}