{"n_estimators": 129, "max_depth": 3, "learning_rate": 0.08199282137790562, "reg_alpha": 1.184829137724085, "reg_lambda": 0.09290082543999545, "random_state": 42, "verbosity": 0}