{"n_estimators": 103, "max_depth": 6, "learning_rate": 0.033662099766581494, "reg_alpha": 0.021978378487542694, "reg_lambda": 1.0931808937633924, "random_state": 42, "verbosity": 0}