{"iterations": 141, "depth": 5, "learning_rate": 0.068128926290862, "l2_leaf_reg": 8.774219695403076, "bagging_temperature": 0.06417003572396346, "random_state": 42, "verbose": 0}