{"iterations": 84, "depth": 6, "learning_rate": 0.044109273291467355, "l2_leaf_reg": 9.730447722269231, "bagging_temperature": 0.14327372008899603, "random_state": 42, "verbose": 0}