{"iterations": 132, "depth": 5, "learning_rate": 0.1370328329325467, "l2_leaf_reg": 1.0247707488143607, "bagging_temperature": 0.12034668735811446, "random_state": 42, "verbose": 0}