{"iterations": 143, "depth": 6, "learning_rate": 0.14337032266154007, "l2_leaf_reg": 2.8960106279747198, "bagging_temperature": 0.13683696342123353, "random_state": 42, "verbose": 0}