{"n_estimators": 85, "max_depth": 3, "learning_rate": 0.030751144727547784, "reg_alpha": 0.03180865261434812, "reg_lambda": 1.3889408744972758, "random_state": 42, "verbosity": 0}