{"n_estimators": 91, "max_depth": 4, "learning_rate": 0.1386374686139182, "reg_alpha": 0.02740485604160229, "reg_lambda": 1.7380387817276037, "random_state": 42, "verbosity": 0}