{"iterations": 74, "depth": 3, "learning_rate": 0.05630919604495545, "l2_leaf_reg": 3.402919656508327, "bagging_temperature": 0.08936480325933269, "random_state": 42, "verbose": 0}