{"n_estimators": 99, "max_depth": 7, "learning_rate": 0.1340734368283459, "reg_alpha": 0.9217046660789041, "reg_lambda": 0.4985540488292812, "random_state": 42, "verbosity": 0}