{"iterations": 91, "depth": 4, "learning_rate": 0.14944231444464096, "l2_leaf_reg": 3.2945411727994864, "bagging_temperature": 0.0005905889794186494, "random_state": 42, "verbose": 0}