{"iterations": 139, "depth": 6, "learning_rate": 0.09763970947570551, "l2_leaf_reg": 3.7866482354345874, "bagging_temperature": 0.1144917821667945, "random_state": 42, "verbose": 0}