{"n_estimators": 122, "max_depth": 6, "learning_rate": 0.11269499156646648, "reg_alpha": 0.02471459679671495, "reg_lambda": 0.0003185963353123135, "random_state": 42, "verbosity": -1}