{"iterations": 147, "depth": 3, "learning_rate": 0.06957817708355071, "l2_leaf_reg": 5.758273950208848, "bagging_temperature": 0.022667527453345132, "random_state": 42, "verbose": 0}