{"iterations": 140, "depth": 4, "learning_rate": 0.06868636485968321, "l2_leaf_reg": 6.8594025497190545, "bagging_temperature": 0.15783256762201156, "random_state": 42, "verbose": 0}