{"n_estimators": 69, "max_depth": 7, "learning_rate": 0.14232178814505836, "reg_alpha": 0.3140296993564815, "reg_lambda": 0.14084010732997734, "random_state": 42, "verbosity": -1}