{"n_estimators": 97, "max_depth": 6, "learning_rate": 0.1348140861451268, "reg_alpha": 0.008143387243578448, "reg_lambda": 1.6908062289582184, "random_state": 42, "verbosity": -1}