{"iterations": 121, "depth": 4, "learning_rate": 0.14944231444464096, "l2_leaf_reg": 8.62296511049799, "bagging_temperature": 0.10550677018808657, "random_state": 42, "verbose": 0}