{"iterations": 74, "depth": 5, "learning_rate": 0.04935767548336038, "l2_leaf_reg": 3.25808505604454, "bagging_temperature": 0.06131458843364383, "random_state": 42, "verbose": 0}