{"n_estimators": 96, "max_depth": 6, "learning_rate": 0.01095143720673872, "reg_alpha": 1.7082509686548253, "reg_lambda": 0.02600243475963704, "random_state": 42, "verbosity": 0}