{"n_estimators": 147, "max_depth": 6, "learning_rate": 0.1043409808516703, "reg_alpha": 0.4877499217271366, "reg_lambda": 0.006150545155801379, "random_state": 42, "verbosity": 0}