{"iterations": 52, "depth": 7, "learning_rate": 0.12654196971205903, "l2_leaf_reg": 2.9110519961044856, "bagging_temperature": 0.03636499344142013, "random_state": 42, "verbose": 0}