{"iterations": 144, "depth": 4, "learning_rate": 0.010594912198336984, "l2_leaf_reg": 8.016149520306103, "bagging_temperature": 0.1291712881406482, "random_state": 42, "verbose": 0}