{"iterations": 85, "depth": 3, "learning_rate": 0.053975207702520275, "l2_leaf_reg": 4.073333099706512, "bagging_temperature": 0.0012199205410638198, "random_state": 42, "verbose": 0}