{"iterations": 105, "depth": 7, "learning_rate": 0.09551604473247742, "l2_leaf_reg": 4.990942307561516, "bagging_temperature": 0.17090922785484838, "random_state": 42, "verbose": 0}