{"n_estimators": 119, "max_depth": 6, "learning_rate": 0.11856495311918756, "reg_alpha": 0.19572969761350456, "reg_lambda": 1.74125600230388, "random_state": 42, "verbosity": -1}