{"iterations": 88, "depth": 3, "learning_rate": 0.14937757298973298, "l2_leaf_reg": 8.100137258468497, "bagging_temperature": 0.1291712881406482, "random_state": 42, "verbose": 0}