{"n_estimators": 125, "max_depth": 5, "learning_rate": 0.02012763960508819, "reg_alpha": 1.378311645969724, "reg_lambda": 0.7179270456342659, "random_state": 42, "verbosity": -1}