{"n_estimators": 88, "max_depth": 7, "learning_rate": 0.14717341540287845, "reg_alpha": 0.07963460784664378, "reg_lambda": 1.476811089450042, "random_state": 42, "verbosity": 0}