{"n_estimators": 141, "max_depth": 6, "learning_rate": 0.04948900906627297, "reg_alpha": 0.12970664012467867, "reg_lambda": 1.2874254732476471, "random_state": 42, "verbosity": 0}