{"iterations": 149, "depth": 4, "learning_rate": 0.07263046048891299, "l2_leaf_reg": 3.9474152887853893, "bagging_temperature": 0.07404983168573996, "random_state": 42, "verbose": 0}