{"n_estimators": 66, "max_depth": 5, "learning_rate": 0.02645453153927299, "reg_alpha": 1.2576398416776038, "reg_lambda": 0.8945858694475496, "random_state": 42, "verbosity": 0}