{"n_estimators": 91, "max_depth": 6, "learning_rate": 0.14944591559995785, "reg_alpha": 0.01564782604316811, "reg_lambda": 1.291712881406482, "random_state": 42, "verbosity": -1}