{"n_estimators": 104, "max_depth": 7, "learning_rate": 0.1388722706951067, "reg_alpha": 0.31521244835930784, "reg_lambda": 1.3022427947263537, "random_state": 42, "verbosity": -1}