{"iterations": 150, "depth": 6, "learning_rate": 0.14388202828542196, "l2_leaf_reg": 8.159866300757319, "bagging_temperature": 0.11227305370590113, "random_state": 42, "verbose": 0}