{"iterations": 50, "depth": 7, "learning_rate": 0.12024470753202272, "l2_leaf_reg": 1.0215785459784839, "bagging_temperature": 0.16412122884677463, "random_state": 42, "verbose": 0}