{"n_estimators": 120, "max_depth": 5, "learning_rate": 0.13621527707968348, "reg_alpha": 1.5773097847904787, "reg_lambda": 1.6919728371803506, "random_state": 42, "verbosity": -1}