{"iterations": 62, "depth": 5, "learning_rate": 0.014814392956130575, "l2_leaf_reg": 9.18388361870904, "bagging_temperature": 0.05175599632000338, "random_state": 42, "verbose": 0}