{"n_estimators": 87, "max_depth": 7, "learning_rate": 0.10745649247016492, "reg_alpha": 0.03592375122963953, "reg_lambda": 0.030735474656208572, "random_state": 42, "verbosity": 0}