{"n_estimators": 107, "max_depth": 5, "learning_rate": 0.1169843203158451, "reg_alpha": 0.4525324898191808, "reg_lambda": 1.9210536264567977, "random_state": 42, "verbosity": -1}