{"n_estimators": 98, "max_depth": 5, "learning_rate": 0.03540143108868162, "reg_alpha": 0.010995084568672486, "reg_lambda": 1.2273056866590384, "random_state": 42, "verbosity": 0}