{"iterations": 82, "depth": 7, "learning_rate": 0.10964262078545851, "l2_leaf_reg": 3.713616560691909, "bagging_temperature": 0.04133145441064245, "random_state": 42, "verbose": 0}