{"iterations": 78, "depth": 3, "learning_rate": 0.13452253297701838, "l2_leaf_reg": 6.550452332117884, "bagging_temperature": 0.14815741504334487, "random_state": 42, "verbose": 0}