{"n_estimators": 65, "max_depth": 3, "learning_rate": 0.1312646604084909, "reg_alpha": 1.2022300234864176, "reg_lambda": 1.416145155592091, "random_state": 42, "verbosity": 0}