{"n_estimators": 87, "max_depth": 7, "learning_rate": 0.044026908482022786, "reg_alpha": 0.1527578010709226, "reg_lambda": 0.0005574311157602353, "random_state": 42, "verbosity": -1}