{"n_estimators": 144, "max_depth": 6, "learning_rate": 0.055715630138923736, "reg_alpha": 0.17117013681597767, "reg_lambda": 0.007453247542965356, "random_state": 42, "verbosity": -1}