{"n_estimators": 138, "max_depth": 4, "learning_rate": 0.07444885795924597, "reg_alpha": 0.2620508460233121, "reg_lambda": 1.9825543922871995, "random_state": 42, "verbosity": -1}