{"n_estimators": 141, "max_depth": 5, "learning_rate": 0.09536082532734763, "reg_alpha": 0.009064960793631172, "reg_lambda": 0.1803481058948555, "random_state": 42, "verbosity": 0}