{"n_estimators": 73, "max_depth": 6, "learning_rate": 0.05477624040346669, "reg_alpha": 0.7889724393370259, "reg_lambda": 0.08671419184671691, "random_state": 42, "verbosity": 0}