{"iterations": 53, "depth": 7, "learning_rate": 0.14664898837951756, "l2_leaf_reg": 2.805089509479778, "bagging_temperature": 0.06835255635342985, "random_state": 42, "verbose": 0}