{"iterations": 87, "depth": 7, "learning_rate": 0.11247915185359669, "l2_leaf_reg": 6.387926357773329, "bagging_temperature": 0.031203728088487304, "random_state": 42, "verbose": 0}