{"iterations": 61, "depth": 5, "learning_rate": 0.010296894121217957, "l2_leaf_reg": 8.877092491507172, "bagging_temperature": 0.05644440017069881, "random_state": 42, "verbose": 0}