{"n_estimators": 148, "max_depth": 6, "learning_rate": 0.054724587098783625, "reg_alpha": 0.03592375122963953, "reg_lambda": 0.029026933760103082, "random_state": 42, "verbosity": -1}