{"n_estimators": 147, "max_depth": 5, "learning_rate": 0.14944231444464096, "reg_alpha": 0.8738294583583613, "reg_lambda": 1.681123060163048, "random_state": 42, "verbosity": -1}