{"iterations": 134, "depth": 5, "learning_rate": 0.10943082534835433, "l2_leaf_reg": 4.437281698783353, "bagging_temperature": 0.08391199689107603, "random_state": 42, "verbose": 0}