{"iterations": 148, "depth": 6, "learning_rate": 0.05506006355468408, "l2_leaf_reg": 3.7650824443384496, "bagging_temperature": 0.12886506294647307, "random_state": 42, "verbose": 0}