{"n_estimators": 100, "max_depth": 7, "learning_rate": 0.053785036526339786, "reg_alpha": 0.19574964506210207, "reg_lambda": 1.2810304207267038, "random_state": 42, "verbosity": 0}