{"iterations": 77, "depth": 3, "learning_rate": 0.14638244034140213, "l2_leaf_reg": 7.873726554233675, "bagging_temperature": 0.13578370106309923, "random_state": 42, "verbose": 0}