{"iterations": 101, "depth": 3, "learning_rate": 0.055550399715979866, "l2_leaf_reg": 4.013156586009128, "bagging_temperature": 0.001254790160883092, "random_state": 42, "verbose": 0}