{"iterations": 88, "depth": 7, "learning_rate": 0.1457351955103012, "l2_leaf_reg": 1.2664487532132647, "bagging_temperature": 0.13037331015563572, "random_state": 42, "verbose": 0}