{"iterations": 147, "depth": 5, "learning_rate": 0.14944231444464096, "l2_leaf_reg": 3.4213670932258875, "bagging_temperature": 0.032523433840907216, "random_state": 42, "verbose": 0}