{"n_estimators": 105, "max_depth": 6, "learning_rate": 0.11804226027526202, "reg_alpha": 1.7359819106334409, "reg_lambda": 1.5282402480463477, "random_state": 42, "verbosity": -1}