{"n_estimators": 51, "max_depth": 6, "learning_rate": 0.11302341488823434, "reg_alpha": 0.5339821458907393, "reg_lambda": 0.7133073119347844, "random_state": 42, "verbosity": 0}