{"n_estimators": 64, "max_depth": 7, "learning_rate": 0.08825621428499228, "reg_alpha": 0.2894408104544618, "reg_lambda": 1.4012448893394993, "random_state": 42, "verbosity": 0}