{"n_estimators": 60, "max_depth": 5, "learning_rate": 0.010627940970025717, "reg_alpha": 1.7578392882198002, "reg_lambda": 0.5747255876239096, "random_state": 42, "verbosity": -1}