{"n_estimators": 94, "max_depth": 6, "learning_rate": 0.06767564449868084, "reg_alpha": 1.381131091176419, "reg_lambda": 1.451599741672555, "random_state": 42, "verbosity": -1}