{"n_estimators": 57, "max_depth": 5, "learning_rate": 0.020934796330905572, "reg_alpha": 0.4998623144005835, "reg_lambda": 0.429416272866383, "random_state": 42, "verbosity": 0}