{"n_estimators": 87, "max_depth": 7, "learning_rate": 0.11247915185359669, "reg_alpha": 1.1973169683940732, "reg_lambda": 0.31203728088487304, "random_state": 42, "verbosity": 0}