{"iterations": 119, "depth": 6, "learning_rate": 0.068128926290862, "l2_leaf_reg": 5.193858348605412, "bagging_temperature": 0.0753787913576623, "random_state": 42, "verbose": 0}