{"n_estimators": 88, "max_depth": 7, "learning_rate": 0.1457351955103012, "reg_alpha": 0.05921083404739225, "reg_lambda": 1.3037331015563571, "random_state": 42, "verbosity": 0}