{"iterations": 129, "depth": 3, "learning_rate": 0.08199282137790562, "l2_leaf_reg": 6.331731119758382, "bagging_temperature": 0.009290082543999545, "random_state": 42, "verbose": 0}