{"iterations": 140, "depth": 5, "learning_rate": 0.06895845899571557, "l2_leaf_reg": 2.533319273785758, "bagging_temperature": 0.17192997503911028, "random_state": 42, "verbose": 0}