{"iterations": 75, "depth": 3, "learning_rate": 0.032504313153280937, "l2_leaf_reg": 8.624478038182584, "bagging_temperature": 0.17207579167521825, "random_state": 42, "verbose": 0}