{"n_estimators": 76, "max_depth": 6, "learning_rate": 0.0598643961643668, "reg_alpha": 0.3612689046803388, "reg_lambda": 1.2726520550574998, "random_state": 42, "verbosity": 0}