{"n_estimators": 74, "max_depth": 5, "learning_rate": 0.0541473049740557, "reg_alpha": 0.5339821458907393, "reg_lambda": 0.6131458843364382, "random_state": 42, "verbosity": 0}