{"n_estimators": 147, "max_depth": 5, "learning_rate": 0.1043409808516703, "reg_alpha": 0.34240779695521706, "reg_lambda": 1.188659074520562, "random_state": 42, "verbosity": 0}