{"n_estimators": 103, "max_depth": 5, "learning_rate": 0.09681332720484512, "reg_alpha": 1.9935538358811487, "reg_lambda": 0.716692652367513, "random_state": 42, "verbosity": 0}