{"n_estimators": 147, "max_depth": 6, "learning_rate": 0.05799190035728427, "reg_alpha": 0.3750652628667346, "reg_lambda": 0.014070112976705795, "random_state": 42, "verbosity": 0}