{"iterations": 147, "depth": 6, "learning_rate": 0.05799190035728427, "l2_leaf_reg": 3.1387503510266055, "bagging_temperature": 0.061728989238495666, "random_state": 42, "verbose": 0}