{"n_estimators": 106, "max_depth": 6, "learning_rate": 0.061337796867254796, "reg_alpha": 0.43327724706866866, "reg_lambda": 0.7369729053430973, "random_state": 42, "verbosity": -1}