{"iterations": 53, "depth": 7, "learning_rate": 0.14728984023952318, "l2_leaf_reg": 2.6184953555663, "bagging_temperature": 0.14330360359029487, "random_state": 42, "verbose": 0}