{"iterations": 105, "depth": 5, "learning_rate": 0.03344715427213004, "l2_leaf_reg": 5.233747211297586, "bagging_temperature": 0.11711808880598676, "random_state": 42, "verbose": 0}