{"n_estimators": 122, "max_depth": 3, "learning_rate": 0.09507776278964644, "reg_alpha": 1.60013266470868, "reg_lambda": 0.7274178054701694, "random_state": 42, "verbosity": 0}