{"iterations": 142, "depth": 6, "learning_rate": 0.05610110208164984, "l2_leaf_reg": 1.7702656156718992, "bagging_temperature": 0.1476811089450042, "random_state": 42, "verbose": 0}