{"iterations": 74, "depth": 4, "learning_rate": 0.02364297545077493, "l2_leaf_reg": 5.807453483949862, "bagging_temperature": 0.16119497998000526, "random_state": 42, "verbose": 0}