{"n_estimators": 98, "max_depth": 6, "learning_rate": 0.043534120254752354, "reg_alpha": 0.48086427332700876, "reg_lambda": 1.7290698614819404, "random_state": 42, "verbosity": -1}