{"iterations": 116, "depth": 4, "learning_rate": 0.0828095229648935, "l2_leaf_reg": 5.920392514089517, "bagging_temperature": 0.03697089110510541, "random_state": 42, "verbose": 0}