{"n_estimators": 100, "max_depth": 6, "learning_rate": 0.10111009612193089, "reg_alpha": 0.5339821458907393, "reg_lambda": 1.1040524801510385, "random_state": 42, "verbosity": -1}