{"n_estimators": 98, "max_depth": 6, "learning_rate": 0.13306836707369069, "reg_alpha": 0.004612934829369286, "reg_lambda": 1.3369574835798117, "random_state": 42, "verbosity": 0}