{"n_estimators": 86, "max_depth": 6, "learning_rate": 0.1457351955103012, "reg_alpha": 0.03592375122963953, "reg_lambda": 1.6672633313198997, "random_state": 42, "verbosity": 0}