{"n_estimators": 76, "max_depth": 5, "learning_rate": 0.09682084708983803, "reg_alpha": 0.20063310699797254, "reg_lambda": 1.6852894322851668, "random_state": 42, "verbosity": 0}