{"n_estimators": 101, "max_depth": 7, "learning_rate": 0.11502051850383657, "reg_alpha": 1.9800514515247174, "reg_lambda": 1.065366828311389, "random_state": 42, "verbosity": -1}