{"n_estimators": 150, "max_depth": 5, "learning_rate": 0.1021293499769764, "reg_alpha": 0.271763657252022, "reg_lambda": 1.6912202830461, "random_state": 42, "verbosity": -1}