{"n_estimators": 130, "max_depth": 4, "learning_rate": 0.0313681354470036, "reg_alpha": 1.382134409835013, "reg_lambda": 1.6607199563938955, "random_state": 42, "verbosity": -1}