{"n_estimators": 52, "max_depth": 7, "learning_rate": 0.12654196971205903, "reg_alpha": 0.4246782213565523, "reg_lambda": 0.36364993441420124, "random_state": 42, "verbosity": -1}