{"iterations": 130, "depth": 5, "learning_rate": 0.06039433993950322, "l2_leaf_reg": 8.687129358946713, "bagging_temperature": 0.07214840424215838, "random_state": 42, "verbose": 0}