{"iterations": 146, "depth": 5, "learning_rate": 0.10313680816505864, "l2_leaf_reg": 8.163148440261711, "bagging_temperature": 0.1291712881406482, "random_state": 42, "verbose": 0}