{"n_estimators": 122, "max_depth": 5, "learning_rate": 0.09485983891920696, "reg_alpha": 1.9839138497642086, "reg_lambda": 1.6661568160292848, "random_state": 42, "verbosity": 0}