{"n_estimators": 94, "max_depth": 6, "learning_rate": 0.0495542622366607, "reg_alpha": 0.02402713866225579, "reg_lambda": 1.5639083763451238, "random_state": 42, "verbosity": 0}