{"iterations": 51, "depth": 6, "learning_rate": 0.10720265815696225, "l2_leaf_reg": 2.3803136285620368, "bagging_temperature": 0.008641158316553751, "random_state": 42, "verbose": 0}