{"iterations": 77, "depth": 6, "learning_rate": 0.03205468898675612, "l2_leaf_reg": 2.8961556211079293, "bagging_temperature": 0.17192997503911028, "random_state": 42, "verbose": 0}