{"iterations": 138, "depth": 7, "learning_rate": 0.024741123591320063, "l2_leaf_reg": 3.7471213271970107, "bagging_temperature": 0.08009769446424476, "random_state": 42, "verbose": 0}