{"iterations": 76, "depth": 6, "learning_rate": 0.068128926290862, "l2_leaf_reg": 8.957656549467245, "bagging_temperature": 0.1640944506373384, "random_state": 42, "verbose": 0}