{"n_estimators": 143, "max_depth": 6, "learning_rate": 0.14823883735670207, "reg_alpha": 0.10391276923963305, "reg_lambda": 0.6952668609931657, "random_state": 42, "verbosity": -1}