{"n_estimators": 147, "max_depth": 7, "learning_rate": 0.12718515746396533, "reg_alpha": 0.3750652628667346, "reg_lambda": 0.006577726772981851, "random_state": 42, "verbosity": 0}