{"iterations": 126, "depth": 5, "learning_rate": 0.03232731491614937, "l2_leaf_reg": 7.464002272878654, "bagging_temperature": 0.11932440613376025, "random_state": 42, "verbose": 0}