{"iterations": 91, "depth": 5, "learning_rate": 0.04645998870210294, "l2_leaf_reg": 8.016149520306103, "bagging_temperature": 0.1014328725917713, "random_state": 42, "verbose": 0}