{"iterations": 57, "depth": 6, "learning_rate": 0.011101530676998051, "l2_leaf_reg": 7.977039946424722, "bagging_temperature": 0.06253853211049223, "random_state": 42, "verbose": 0}