{"iterations": 111, "depth": 3, "learning_rate": 0.05090025079493054, "l2_leaf_reg": 4.297256589643226, "bagging_temperature": 0.0912139968434072, "random_state": 42, "verbose": 0}