{"n_estimators": 72, "max_depth": 7, "learning_rate": 0.020793923048328302, "reg_alpha": 0.4004736398712627, "reg_lambda": 1.3281389519058826, "random_state": 42, "verbosity": -1}