{"n_estimators": 84, "max_depth": 7, "learning_rate": 0.1220973058956841, "reg_alpha": 0.13452650381795056, "reg_lambda": 0.5036599163319647, "random_state": 42, "verbosity": 0}