{"n_estimators": 116, "max_depth": 4, "learning_rate": 0.0828095229648935, "reg_alpha": 1.0934205586865593, "reg_lambda": 0.3697089110510541, "random_state": 42, "verbosity": -1}