{"n_estimators": 77, "max_depth": 7, "learning_rate": 0.010460299265035038, "reg_alpha": 1.525281793110215, "reg_lambda": 0.7662138284426852, "random_state": 42, "verbosity": -1}