{"n_estimators": 122, "max_depth": 5, "learning_rate": 0.14569777928682054, "reg_alpha": 0.021978378487542694, "reg_lambda": 1.5620772882739202, "random_state": 42, "verbosity": 0}