{"n_estimators": 62, "max_depth": 5, "learning_rate": 0.014814392956130575, "reg_alpha": 1.8186408041575641, "reg_lambda": 0.5175599632000338, "random_state": 42, "verbosity": 0}