{"iterations": 77, "depth": 6, "learning_rate": 0.010951118720643558, "l2_leaf_reg": 2.24931553797329, "bagging_temperature": 0.11412302995740983, "random_state": 42, "verbose": 0}