{"n_estimators": 53, "max_depth": 6, "learning_rate": 0.1465322295980834, "reg_alpha": 0.07963460784664378, "reg_lambda": 0.5979891511530466, "random_state": 42, "verbosity": 0}