{"n_estimators": 74, "max_depth": 3, "learning_rate": 0.14051417838045221, "reg_alpha": 0.0007918260776155484, "reg_lambda": 1.0730232487907911, "random_state": 42, "verbosity": -1}