{"n_estimators": 94, "max_depth": 3, "learning_rate": 0.04924645554699432, "reg_alpha": 1.8939237527802988, "reg_lambda": 1.9349966971027595, "random_state": 42, "verbosity": 0}