{"n_estimators": 91, "max_depth": 6, "learning_rate": 0.1495399591756346, "reg_alpha": 0.008631061684488954, "reg_lambda": 1.291712881406482, "random_state": 42, "verbosity": -1}