{"iterations": 141, "depth": 7, "learning_rate": 0.011527615787655293, "l2_leaf_reg": 9.037707446926456, "bagging_temperature": 0.07166953067281023, "random_state": 42, "verbose": 0}