{"n_estimators": 137, "max_depth": 4, "learning_rate": 0.010992896398647084, "reg_alpha": 1.567259242298034, "reg_lambda": 1.327074956004714, "random_state": 42, "verbosity": -1}