{"n_estimators": 77, "max_depth": 7, "learning_rate": 0.010281057986534635, "reg_alpha": 0.8079003704000938, "reg_lambda": 0.2206759623645052, "random_state": 42, "verbosity": 0}