{"iterations": 56, "depth": 5, "learning_rate": 0.012624604922286935, "l2_leaf_reg": 8.105293596875182, "bagging_temperature": 0.06952668609931657, "random_state": 42, "verbose": 0}