{"n_estimators": 82, "max_depth": 7, "learning_rate": 0.14886303810982435, "reg_alpha": 1.9876855700994178, "reg_lambda": 0.1987642599063217, "random_state": 42, "verbosity": -1}