{"iterations": 68, "depth": 4, "learning_rate": 0.08346590042851329, "l2_leaf_reg": 4.887505167779041, "bagging_temperature": 0.058245828039608386, "random_state": 42, "verbose": 0}