{"n_estimators": 150, "max_depth": 6, "learning_rate": 0.14388202828542196, "reg_alpha": 0.48310986596068006, "reg_lambda": 0.7756916144247659, "random_state": 42, "verbosity": -1}