{"iterations": 50, "depth": 5, "learning_rate": 0.07043903399867632, "l2_leaf_reg": 2.7465495223393726, "bagging_temperature": 0.1619157836706229, "random_state": 42, "verbose": 0}