{"iterations": 120, "depth": 6, "learning_rate": 0.09650164733046236, "l2_leaf_reg": 4.924898502150521, "bagging_temperature": 0.05310860287830542, "random_state": 42, "verbose": 0}