{"iterations": 150, "depth": 6, "learning_rate": 0.05001960318231387, "l2_leaf_reg": 1.3036705076856747, "bagging_temperature": 0.14362540627627024, "random_state": 42, "verbose": 0}