{"n_estimators": 104, "max_depth": 4, "learning_rate": 0.09149530850729605, "reg_alpha": 0.5108065619077116, "reg_lambda": 0.2129960356695142, "random_state": 42, "verbosity": 0}