{"iterations": 81, "depth": 3, "learning_rate": 0.12166296802260598, "l2_leaf_reg": 9.006007775194949, "bagging_temperature": 0.1210222841792884, "random_state": 42, "verbose": 0}