{"n_estimators": 147, "max_depth": 6, "learning_rate": 0.055237730230322385, "reg_alpha": 0.03592375122963953, "reg_lambda": 1.3037331015563571, "random_state": 42, "verbosity": 0}