{"n_estimators": 98, "max_depth": 5, "learning_rate": 0.013576929273476035, "reg_alpha": 1.9961022424227313, "reg_lambda": 1.6879602034223902, "random_state": 42, "verbosity": -1}