{"n_estimators": 89, "max_depth": 7, "learning_rate": 0.14648700844061338, "reg_alpha": 0.010794894214442935, "reg_lambda": 1.5019944720250518, "random_state": 42, "verbosity": 0}