{"iterations": 88, "depth": 7, "learning_rate": 0.14717341540287845, "l2_leaf_reg": 1.3583557353098974, "bagging_temperature": 0.1476811089450042, "random_state": 42, "verbose": 0}