{"n_estimators": 139, "max_depth": 3, "learning_rate": 0.03159141763823949, "reg_alpha": 1.4141086202063866, "reg_lambda": 1.1638356557868872, "random_state": 42, "verbosity": 0}