{"iterations": 87, "depth": 6, "learning_rate": 0.04983499215956126, "l2_leaf_reg": 9.095335654407448, "bagging_temperature": 0.063646699326458, "random_state": 42, "verbose": 0}