{"n_estimators": 84, "max_depth": 4, "learning_rate": 0.14676668087823638, "reg_alpha": 1.4956339896269308, "reg_lambda": 1.476811089450042, "random_state": 42, "verbosity": -1}