{"iterations": 84, "depth": 3, "learning_rate": 0.14673526092021522, "l2_leaf_reg": 7.730352953321189, "bagging_temperature": 0.1476811089450042, "random_state": 42, "verbose": 0}