{"n_estimators": 64, "max_depth": 6, "learning_rate": 0.01030543268766465, "reg_alpha": 0.9040909976845417, "reg_lambda": 1.7192997503911027, "random_state": 42, "verbosity": -1}