{"n_estimators": 74, "max_depth": 6, "learning_rate": 0.09234953478051776, "reg_alpha": 0.498867620322782, "reg_lambda": 0.3014811691360517, "random_state": 42, "verbosity": 0}