{"iterations": 74, "depth": 6, "learning_rate": 0.053952338642396735, "l2_leaf_reg": 4.468185919533482, "bagging_temperature": 0.1779491151311007, "random_state": 42, "verbose": 0}