{"n_estimators": 146, "max_depth": 6, "learning_rate": 0.045983019226564364, "reg_alpha": 0.03592375122963953, "reg_lambda": 1.2801770049351129, "random_state": 42, "verbosity": -1}