{"iterations": 103, "depth": 5, "learning_rate": 0.03433399040420461, "l2_leaf_reg": 1.098902703193942, "bagging_temperature": 0.07832752295657151, "random_state": 42, "verbose": 0}