{"n_estimators": 98, "max_depth": 7, "learning_rate": 0.13663237412940754, "reg_alpha": 0.23935324182325818, "reg_lambda": 1.2548396532299355, "random_state": 42, "verbosity": -1}