{"n_estimators": 98, "max_depth": 7, "learning_rate": 0.14569777928682054, "reg_alpha": 0.021978378487542694, "reg_lambda": 1.6291802573602867, "random_state": 42, "verbosity": -1}