{"n_estimators": 107, "max_depth": 4, "learning_rate": 0.011845090013329285, "reg_alpha": 1.962167914659887, "reg_lambda": 1.7720656650541358, "random_state": 42, "verbosity": -1}