{"n_estimators": 90, "max_depth": 5, "learning_rate": 0.0431721141231427, "reg_alpha": 0.6936463579207514, "reg_lambda": 0.8232001231484136, "random_state": 42, "verbosity": -1}