{"iterations": 107, "depth": 3, "learning_rate": 0.13743590669220132, "l2_leaf_reg": 1.6448346653509036, "bagging_temperature": 0.15395784207759472, "random_state": 42, "verbose": 0}