{"iterations": 126, "depth": 4, "learning_rate": 0.06414442711385092, "l2_leaf_reg": 9.914465957180226, "bagging_temperature": 0.1990629805843111, "random_state": 42, "verbose": 0}