{"n_estimators": 123, "max_depth": 5, "learning_rate": 0.14441313471499306, "reg_alpha": 0.2774871163599557, "reg_lambda": 1.1471034380995193, "random_state": 42, "verbosity": -1}