{"n_estimators": 124, "max_depth": 6, "learning_rate": 0.12466390866142465, "reg_alpha": 0.3185573890746129, "reg_lambda": 1.132311707347581, "random_state": 42, "verbosity": -1}