{"n_estimators": 93, "max_depth": 6, "learning_rate": 0.14957192818601023, "reg_alpha": 0.20125490436079435, "reg_lambda": 0.9793602441204823, "random_state": 42, "verbosity": 0}