{"n_estimators": 109, "max_depth": 3, "learning_rate": 0.03313596637916365, "reg_alpha": 1.4005756664995896, "reg_lambda": 0.6998600225046282, "random_state": 42, "verbosity": -1}