{"n_estimators": 75, "max_depth": 6, "learning_rate": 0.10726555177428687, "reg_alpha": 0.6052094903901447, "reg_lambda": 0.6952668609931657, "random_state": 42, "verbosity": -1}