{"iterations": 111, "depth": 3, "learning_rate": 0.01910722301793913, "l2_leaf_reg": 9.539969835279999, "bagging_temperature": 0.19312640661491187, "random_state": 42, "verbose": 0}