{"iterations": 76, "depth": 7, "learning_rate": 0.14569777928682054, "l2_leaf_reg": 1.098902703193942, "bagging_temperature": 0.001640887039703558, "random_state": 42, "verbose": 0}