{"n_estimators": 59, "max_depth": 5, "learning_rate": 0.010641162136931939, "reg_alpha": 1.381664301819819, "reg_lambda": 1.0686462810995028, "random_state": 42, "verbosity": -1}