{"n_estimators": 100, "max_depth": 4, "learning_rate": 0.029821793831329158, "reg_alpha": 0.8335288259069975, "reg_lambda": 0.6397451471937754, "random_state": 42, "verbosity": 0}