{"iterations": 65, "depth": 3, "learning_rate": 0.1312646604084909, "l2_leaf_reg": 6.41003510568888, "bagging_temperature": 0.1416145155592091, "random_state": 42, "verbose": 0}