{"n_estimators": 129, "max_depth": 5, "learning_rate": 0.06201081349138045, "reg_alpha": 1.522694542899138, "reg_lambda": 0.9454280133158974, "random_state": 42, "verbosity": -1}