{"n_estimators": 85, "max_depth": 5, "learning_rate": 0.03674479618450155, "reg_alpha": 0.604027855127568, "reg_lambda": 1.5827138670450047, "random_state": 42, "verbosity": 0}