{"n_estimators": 81, "max_depth": 6, "learning_rate": 0.056478307297487026, "reg_alpha": 0.08133654355858216, "reg_lambda": 0.029043449994501952, "random_state": 42, "verbosity": 0}