{"n_estimators": 147, "max_depth": 5, "learning_rate": 0.101410165005737, "reg_alpha": 1.9739725377406614, "reg_lambda": 0.6023604788317228, "random_state": 42, "verbosity": -1}