{"n_estimators": 68, "max_depth": 4, "learning_rate": 0.08346590042851329, "reg_alpha": 0.8638900372842315, "reg_lambda": 0.5824582803960838, "random_state": 42, "verbosity": 0}