{"n_estimators": 89, "max_depth": 5, "learning_rate": 0.08681536555687742, "reg_alpha": 0.7034322530184516, "reg_lambda": 0.6231412203909232, "random_state": 42, "verbosity": 0}