{"n_estimators": 111, "max_depth": 3, "learning_rate": 0.01910722301793913, "reg_alpha": 1.8977710745066665, "reg_lambda": 1.9312640661491187, "random_state": 42, "verbosity": 0}