{"n_estimators": 105, "max_depth": 4, "learning_rate": 0.05874838031885673, "reg_alpha": 0.006456727690457131, "reg_lambda": 1.6233394880864749, "random_state": 42, "verbosity": 0}