{"n_estimators": 121, "max_depth": 6, "learning_rate": 0.025748376870325888, "reg_alpha": 0.6503219415542203, "reg_lambda": 0.22741956033350513, "random_state": 42, "verbosity": -1}