{"iterations": 144, "depth": 6, "learning_rate": 0.04351747410566071, "l2_leaf_reg": 1.7702656156718992, "bagging_temperature": 0.12630877012151165, "random_state": 42, "verbose": 0}