{"n_estimators": 97, "max_depth": 5, "learning_rate": 0.028180281905274388, "reg_alpha": 1.771028901537818, "reg_lambda": 1.819319144484548, "random_state": 42, "verbosity": -1}