{"n_estimators": 143, "max_depth": 6, "learning_rate": 0.06536440529730418, "reg_alpha": 0.010883932661480633, "reg_lambda": 0.1527034065718596, "random_state": 42, "verbosity": -1}