{"iterations": 73, "depth": 5, "learning_rate": 0.04845451711885218, "l2_leaf_reg": 4.4640432857701375, "bagging_temperature": 0.17398574809526168, "random_state": 42, "verbose": 0}