{"iterations": 64, "depth": 7, "learning_rate": 0.1394674589404107, "l2_leaf_reg": 1.5473569606617898, "bagging_temperature": 0.1465431850263919, "random_state": 42, "verbose": 0}