{"n_estimators": 137, "max_depth": 5, "learning_rate": 0.10147494740208009, "reg_alpha": 0.6653597898238567, "reg_lambda": 1.640944506373384, "random_state": 42, "verbosity": -1}