{"iterations": 74, "depth": 6, "learning_rate": 0.010641418972592062, "l2_leaf_reg": 8.767066043945025, "bagging_temperature": 0.09816266968115449, "random_state": 42, "verbose": 0}