{"iterations": 118, "depth": 5, "learning_rate": 0.10922498543794518, "l2_leaf_reg": 2.5013406826347406, "bagging_temperature": 0.11608956594187492, "random_state": 42, "verbose": 0}