{"iterations": 77, "depth": 5, "learning_rate": 0.07267860075825304, "l2_leaf_reg": 2.533319273785758, "bagging_temperature": 0.07441945924638393, "random_state": 42, "verbose": 0}