{"iterations": 70, "depth": 7, "learning_rate": 0.010627940311911615, "l2_leaf_reg": 9.225744143723052, "bagging_temperature": 0.02569890283969737, "random_state": 42, "verbose": 0}