{"n_estimators": 72, "max_depth": 7, "learning_rate": 0.09408671834542717, "reg_alpha": 1.6375136761642581, "reg_lambda": 0.204790026281835, "random_state": 42, "verbosity": 0}