{"n_estimators": 95, "max_depth": 3, "learning_rate": 0.06157907857871729, "reg_alpha": 0.5935603267037527, "reg_lambda": 0.6474374802504715, "random_state": 42, "verbosity": -1}