{"n_estimators": 59, "max_depth": 5, "learning_rate": 0.010641162136931939, "reg_alpha": 0.8967381448853994, "reg_lambda": 1.0405407796092114, "random_state": 42, "verbosity": -1}