{"iterations": 101, "depth": 5, "learning_rate": 0.09529639386947174, "l2_leaf_reg": 4.994912221957849, "bagging_temperature": 0.17701672819829528, "random_state": 42, "verbose": 0}