{"iterations": 141, "depth": 3, "learning_rate": 0.09574919041234381, "l2_leaf_reg": 6.859079493299657, "bagging_temperature": 0.015746832124175807, "random_state": 42, "verbose": 0}