{"n_estimators": 100, "max_depth": 5, "learning_rate": 0.09530721266529388, "reg_alpha": 0.8586708315684086, "reg_lambda": 1.996323806296812, "random_state": 42, "verbosity": 0}