{"n_estimators": 143, "max_depth": 6, "learning_rate": 0.11861548404694754, "reg_alpha": 1.6568118445869235, "reg_lambda": 1.5259468273925128, "random_state": 42, "verbosity": -1}