{"n_estimators": 58, "max_depth": 6, "learning_rate": 0.03643709183088748, "reg_alpha": 0.5984844808088925, "reg_lambda": 1.4645959376856639, "random_state": 42, "verbosity": 0}