{"iterations": 105, "depth": 4, "learning_rate": 0.06780526137711426, "l2_leaf_reg": 5.169572128026827, "bagging_temperature": 0.07938397226571514, "random_state": 42, "verbose": 0}