{"iterations": 147, "depth": 6, "learning_rate": 0.055237730230322385, "l2_leaf_reg": 1.1616568805333776, "bagging_temperature": 0.13037331015563572, "random_state": 42, "verbose": 0}