{"n_estimators": 98, "max_depth": 7, "learning_rate": 0.14569777928682054, "reg_alpha": 0.25564864856528, "reg_lambda": 1.7284435209861204, "random_state": 42, "verbosity": 0}