{"iterations": 131, "depth": 4, "learning_rate": 0.02367409596089374, "l2_leaf_reg": 7.158097238609412, "bagging_temperature": 0.08803049874792027, "random_state": 42, "verbose": 0}