{"iterations": 87, "depth": 7, "learning_rate": 0.10745649247016492, "l2_leaf_reg": 1.1616568805333776, "bagging_temperature": 0.0030735474656208572, "random_state": 42, "verbose": 0}