{"n_estimators": 139, "max_depth": 7, "learning_rate": 0.06508281907253209, "reg_alpha": 0.21769713259057794, "reg_lambda": 1.0325516056889814, "random_state": 42, "verbosity": -1}