{"n_estimators": 75, "max_depth": 3, "learning_rate": 0.14990245441179362, "reg_alpha": 0.5362144334935294, "reg_lambda": 1.2627979917926648, "random_state": 42, "verbosity": -1}