{"n_estimators": 97, "max_depth": 5, "learning_rate": 0.1329806271459481, "reg_alpha": 0.3026240361948679, "reg_lambda": 0.5553154344061121, "random_state": 42, "verbosity": -1}