{"iterations": 96, "depth": 6, "learning_rate": 0.14183298003804118, "l2_leaf_reg": 1.9119727298237872, "bagging_temperature": 0.1501994472025052, "random_state": 42, "verbose": 0}