{"n_estimators": 145, "max_depth": 6, "learning_rate": 0.054070968749350606, "reg_alpha": 0.024737795696590237, "reg_lambda": 1.6527817095511157, "random_state": 42, "verbosity": 0}