{"n_estimators": 150, "max_depth": 6, "learning_rate": 0.05001960318231387, "reg_alpha": 0.5844769310039728, "reg_lambda": 1.0395912868657173, "random_state": 42, "verbosity": -1}