{"n_estimators": 102, "max_depth": 7, "learning_rate": 0.06008886732475618, "reg_alpha": 1.656103568747675, "reg_lambda": 0.31156758638637094, "random_state": 42, "verbosity": -1}