{"iterations": 141, "depth": 3, "learning_rate": 0.10234429611317514, "l2_leaf_reg": 7.730352953321189, "bagging_temperature": 0.14330360359029487, "random_state": 42, "verbose": 0}