{"n_estimators": 53, "max_depth": 6, "learning_rate": 0.11920171086930449, "reg_alpha": 0.05973628087038141, "reg_lambda": 1.3483551863491887, "random_state": 42, "verbosity": 0}