{"iterations": 136, "depth": 6, "learning_rate": 0.029821793831329158, "l2_leaf_reg": 4.220768002782592, "bagging_temperature": 0.11017451483582011, "random_state": 42, "verbose": 0}