{"n_estimators": 128, "max_depth": 6, "learning_rate": 0.010990509945965484, "reg_alpha": 0.27762567510517555, "reg_lambda": 1.1412302995740984, "random_state": 42, "verbosity": -1}