{"iterations": 141, "depth": 5, "learning_rate": 0.0993160457295485, "l2_leaf_reg": 7.714157288516674, "bagging_temperature": 0.0008292305480307148, "random_state": 42, "verbose": 0}