{"iterations": 90, "depth": 5, "learning_rate": 0.04924645554699432, "l2_leaf_reg": 9.522656887511346, "bagging_temperature": 0.19915982602630994, "random_state": 42, "verbose": 0}