{"n_estimators": 81, "max_depth": 6, "learning_rate": 0.02870726601492706, "reg_alpha": 1.7082509686548253, "reg_lambda": 1.1775076228921268, "random_state": 42, "verbosity": -1}