{"n_estimators": 84, "max_depth": 5, "learning_rate": 0.055550399715979866, "reg_alpha": 1.567259242298034, "reg_lambda": 0.7592084868404473, "random_state": 42, "verbosity": -1}