{"n_estimators": 137, "max_depth": 7, "learning_rate": 0.11911994832363501, "reg_alpha": 0.7173287723111786, "reg_lambda": 0.4961962667002643, "random_state": 42, "verbosity": -1}