{"iterations": 72, "depth": 7, "learning_rate": 0.13570933966858648, "l2_leaf_reg": 3.4736765409573644, "bagging_temperature": 0.07628728599396073, "random_state": 42, "verbose": 0}