{"iterations": 50, "depth": 4, "learning_rate": 0.020885479401134763, "l2_leaf_reg": 7.930076639954913, "bagging_temperature": 0.15453638259162014, "random_state": 42, "verbose": 0}