{"iterations": 75, "depth": 5, "learning_rate": 0.015197701616945176, "l2_leaf_reg": 8.62944572341644, "bagging_temperature": 0.01574017624593433, "random_state": 42, "verbose": 0}