{"iterations": 62, "depth": 6, "learning_rate": 0.03316147798465206, "l2_leaf_reg": 8.126934092969915, "bagging_temperature": 0.0723407156599658, "random_state": 42, "verbose": 0}