{"n_estimators": 51, "max_depth": 4, "learning_rate": 0.14842753447419257, "reg_alpha": 0.2026606066275083, "reg_lambda": 1.9409004636308977, "random_state": 42, "verbosity": 0}