{"n_estimators": 148, "max_depth": 6, "learning_rate": 0.04501792850354484, "reg_alpha": 0.03592375122963953, "reg_lambda": 1.2801770049351129, "random_state": 42, "verbosity": -1}