{"n_estimators": 150, "max_depth": 6, "learning_rate": 0.05001960318231387, "reg_alpha": 0.0674823350412611, "reg_lambda": 1.4541272030807733, "random_state": 42, "verbosity": -1}