{"n_estimators": 111, "max_depth": 3, "learning_rate": 0.05090025079493054, "reg_alpha": 0.7327236865873834, "reg_lambda": 0.9121399684340719, "random_state": 42, "verbosity": -1}