{"n_estimators": 74, "max_depth": 5, "learning_rate": 0.1496674276467043, "reg_alpha": 0.07986006629482083, "reg_lambda": 0.7142173921777755, "random_state": 42, "verbosity": -1}