{"iterations": 88, "depth": 3, "learning_rate": 0.14916491755505978, "l2_leaf_reg": 3.4779338207051747, "bagging_temperature": 0.13451447226041802, "random_state": 42, "verbose": 0}