{"iterations": 93, "depth": 3, "learning_rate": 0.14028556484332447, "l2_leaf_reg": 7.122276463040527, "bagging_temperature": 0.19571917152259596, "random_state": 42, "verbose": 0}