{"n_estimators": 93, "max_depth": 6, "learning_rate": 0.1378555052599096, "reg_alpha": 0.005538706397990222, "reg_lambda": 0.10942487125145803, "random_state": 42, "verbosity": -1}