{"n_estimators": 85, "max_depth": 5, "learning_rate": 0.05256788125181422, "reg_alpha": 0.6341352086671941, "reg_lambda": 1.5639083763451238, "random_state": 42, "verbosity": -1}