{"iterations": 84, "depth": 4, "learning_rate": 0.11534446624657194, "l2_leaf_reg": 6.559584785242835, "bagging_temperature": 0.11826568978381762, "random_state": 42, "verbose": 0}