{"iterations": 98, "depth": 4, "learning_rate": 0.0927299351144415, "l2_leaf_reg": 2.6643496589248046, "bagging_temperature": 0.10267399187759013, "random_state": 42, "verbose": 0}