{"n_estimators": 80, "max_depth": 6, "learning_rate": 0.13300778092162463, "reg_alpha": 0.12301308564105762, "reg_lambda": 1.9392097276502211, "random_state": 42, "verbosity": 0}