{"iterations": 74, "depth": 7, "learning_rate": 0.11930425455757282, "l2_leaf_reg": 5.259030674600172, "bagging_temperature": 0.06991762996400652, "random_state": 42, "verbose": 0}