{"n_estimators": 147, "max_depth": 6, "learning_rate": 0.1080031007925467, "reg_alpha": 0.3750652628667346, "reg_lambda": 1.1674022194617657, "random_state": 42, "verbosity": -1}