{"iterations": 141, "depth": 4, "learning_rate": 0.14932946854805118, "l2_leaf_reg": 3.8126750395077265, "bagging_temperature": 0.0713978218171934, "random_state": 42, "verbose": 0}