{"iterations": 147, "depth": 4, "learning_rate": 0.06957817708355071, "l2_leaf_reg": 7.780629181257996, "bagging_temperature": 0.07313227283737235, "random_state": 42, "verbose": 0}