{"n_estimators": 89, "max_depth": 5, "learning_rate": 0.05001960318231387, "reg_alpha": 0.5844769310039728, "reg_lambda": 0.9454280133158974, "random_state": 42, "verbosity": -1}