{"iterations": 100, "depth": 7, "learning_rate": 0.055079465542365924, "l2_leaf_reg": 4.534629213627264, "bagging_temperature": 0.16830114072043686, "random_state": 42, "verbose": 0}