{"n_estimators": 74, "max_depth": 4, "learning_rate": 0.09747091438622289, "reg_alpha": 0.7895092784724862, "reg_lambda": 1.291712881406482, "random_state": 42, "verbosity": -1}