{"iterations": 108, "depth": 7, "learning_rate": 0.039362216108343194, "l2_leaf_reg": 9.94458506544738, "bagging_temperature": 0.022630302889302414, "random_state": 42, "verbose": 0}