{"n_estimators": 131, "max_depth": 6, "learning_rate": 0.0328286110498118, "reg_alpha": 1.9856858910003568, "reg_lambda": 1.9902355550154547, "random_state": 42, "verbosity": -1}