{"iterations": 71, "depth": 4, "learning_rate": 0.06771555106100144, "l2_leaf_reg": 4.3974485684696605, "bagging_temperature": 0.11928804126686021, "random_state": 42, "verbose": 0}