{"n_estimators": 77, "max_depth": 4, "learning_rate": 0.09798770309203282, "reg_alpha": 0.01094680483813712, "reg_lambda": 1.9450271385528666, "random_state": 42, "verbosity": 0}