{"iterations": 95, "depth": 5, "learning_rate": 0.011526354204669768, "l2_leaf_reg": 9.834033615953764, "bagging_temperature": 0.1963371826936028, "random_state": 42, "verbose": 0}