{"iterations": 94, "depth": 7, "learning_rate": 0.026094218231716898, "l2_leaf_reg": 8.915513625093569, "bagging_temperature": 0.07379602089869676, "random_state": 42, "verbose": 0}