{"iterations": 89, "depth": 4, "learning_rate": 0.1484186920160021, "l2_leaf_reg": 8.402176455408672, "bagging_temperature": 0.059454111967693214, "random_state": 42, "verbose": 0}