{"iterations": 134, "depth": 6, "learning_rate": 0.0604108885989372, "l2_leaf_reg": 2.8270650876845735, "bagging_temperature": 0.18350440369067209, "random_state": 42, "verbose": 0}