{"iterations": 94, "depth": 5, "learning_rate": 0.06769366367619184, "l2_leaf_reg": 7.569002195682945, "bagging_temperature": 0.10658185026948122, "random_state": 42, "verbose": 0}