{"iterations": 84, "depth": 4, "learning_rate": 0.11486961639332181, "l2_leaf_reg": 1.024794840496714, "bagging_temperature": 0.07470058181633946, "random_state": 42, "verbose": 0}