{"iterations": 98, "depth": 4, "learning_rate": 0.1016670292338278, "l2_leaf_reg": 8.048702690075586, "bagging_temperature": 0.0007632427663117987, "random_state": 42, "verbose": 0}