{"iterations": 149, "depth": 4, "learning_rate": 0.09946020695805291, "l2_leaf_reg": 4.636760715024284, "bagging_temperature": 0.006286521158150926, "random_state": 42, "verbose": 0}