{"n_estimators": 92, "max_depth": 5, "learning_rate": 0.07116404935378294, "reg_alpha": 1.9802786480951524, "reg_lambda": 1.7642159055284452, "random_state": 42, "verbosity": 0}