{"n_estimators": 60, "max_depth": 7, "learning_rate": 0.011018739012796415, "reg_alpha": 0.459964165527922, "reg_lambda": 1.5214436623673875, "random_state": 42, "verbosity": -1}