{"iterations": 56, "depth": 5, "learning_rate": 0.010627946439268445, "l2_leaf_reg": 8.201986836214841, "bagging_temperature": 0.12835605126990743, "random_state": 42, "verbose": 0}