{"iterations": 101, "depth": 7, "learning_rate": 0.068128926290862, "l2_leaf_reg": 2.1085153471666684, "bagging_temperature": 0.09888895727723299, "random_state": 42, "verbose": 0}