{"n_estimators": 121, "max_depth": 7, "learning_rate": 0.12371024370061001, "reg_alpha": 0.6937234154817413, "reg_lambda": 1.7655753856429859, "random_state": 42, "verbosity": -1}