{"n_estimators": 73, "max_depth": 7, "learning_rate": 0.011749970331490903, "reg_alpha": 1.4571309624255815, "reg_lambda": 0.22105947909701618, "random_state": 42, "verbosity": 0}