{"iterations": 59, "depth": 6, "learning_rate": 0.09529639386947174, "l2_leaf_reg": 2.2166415359896883, "bagging_temperature": 0.018994540556752162, "random_state": 42, "verbose": 0}