{"n_estimators": 86, "max_depth": 6, "learning_rate": 0.055651983593435504, "reg_alpha": 0.03592375122963953, "reg_lambda": 1.3142473381452822, "random_state": 42, "verbosity": 0}