{"iterations": 133, "depth": 6, "learning_rate": 0.061508871309204176, "l2_leaf_reg": 4.035096829558919, "bagging_temperature": 0.06336704225152463, "random_state": 42, "verbose": 0}