{"n_estimators": 104, "max_depth": 6, "learning_rate": 0.140336942007118, "reg_alpha": 0.014061977142144577, "reg_lambda": 0.7200259927857211, "random_state": 42, "verbosity": -1}