{"n_estimators": 131, "max_depth": 4, "learning_rate": 0.02367409596089374, "reg_alpha": 1.3684660530243138, "reg_lambda": 0.8803049874792026, "random_state": 42, "verbosity": 0}