{"n_estimators": 95, "max_depth": 5, "learning_rate": 0.011526354204669768, "reg_alpha": 1.9631185813230585, "reg_lambda": 1.963371826936028, "random_state": 42, "verbosity": 0}