{"n_estimators": 146, "max_depth": 6, "learning_rate": 0.04547178998763067, "reg_alpha": 1.910289658083226, "reg_lambda": 1.967792470840652, "random_state": 42, "verbosity": 0}