{"n_estimators": 146, "max_depth": 7, "learning_rate": 0.09770704789722626, "reg_alpha": 0.23570990922624246, "reg_lambda": 0.2758524941520926, "random_state": 42, "verbosity": -1}