{"n_estimators": 61, "max_depth": 5, "learning_rate": 0.010460299265035038, "reg_alpha": 0.25564864856528, "reg_lambda": 0.27393073076163366, "random_state": 42, "verbosity": -1}