{"n_estimators": 141, "max_depth": 3, "learning_rate": 0.01465022577746354, "reg_alpha": 0.6303198323996138, "reg_lambda": 1.1269022310197836, "random_state": 42, "verbosity": -1}