{"n_estimators": 120, "max_depth": 6, "learning_rate": 0.011486556239248668, "reg_alpha": 1.367459831845904, "reg_lambda": 1.779770226733234, "random_state": 42, "verbosity": -1}