{"iterations": 98, "depth": 6, "learning_rate": 0.1495052242743224, "l2_leaf_reg": 2.87977739743772, "bagging_temperature": 0.13402018529237175, "random_state": 42, "verbose": 0}