{"n_estimators": 120, "max_depth": 7, "learning_rate": 0.14706836057410078, "reg_alpha": 1.4085550111430567, "reg_lambda": 1.8338813977251092, "random_state": 42, "verbosity": -1}