{"iterations": 72, "depth": 7, "learning_rate": 0.011018739012796415, "l2_leaf_reg": 5.473476600267491, "bagging_temperature": 0.008537850934202562, "random_state": 42, "verbose": 0}