{"n_estimators": 93, "max_depth": 7, "learning_rate": 0.06651653976911234, "reg_alpha": 0.23935324182325818, "reg_lambda": 0.2403551442889103, "random_state": 42, "verbosity": 0}