{"iterations": 150, "depth": 6, "learning_rate": 0.05927901036183701, "l2_leaf_reg": 1.4672783827499, "bagging_temperature": 0.003399277279997306, "random_state": 42, "verbose": 0}