{"iterations": 50, "depth": 6, "learning_rate": 0.03280734718748928, "l2_leaf_reg": 7.527039466429452, "bagging_temperature": 0.06327117343781077, "random_state": 42, "verbose": 0}