{"iterations": 117, "depth": 7, "learning_rate": 0.14053742775751746, "l2_leaf_reg": 3.958504289920795, "bagging_temperature": 0.1403801229892506, "random_state": 42, "verbose": 0}