{"n_estimators": 59, "max_depth": 6, "learning_rate": 0.0638555565817685, "reg_alpha": 0.03484610242935232, "reg_lambda": 0.7518576904269462, "random_state": 42, "verbosity": 0}