{"n_estimators": 77, "max_depth": 7, "learning_rate": 0.09931384102769364, "reg_alpha": 0.25564864856528, "reg_lambda": 0.7030433162664238, "random_state": 42, "verbosity": -1}