{"iterations": 80, "depth": 7, "learning_rate": 0.13414638577376423, "l2_leaf_reg": 3.3490750025627367, "bagging_temperature": 0.16222670040740114, "random_state": 42, "verbose": 0}