{"n_estimators": 149, "max_depth": 4, "learning_rate": 0.023173583126221062, "reg_alpha": 1.9762625027272582, "reg_lambda": 0.9130867133019259, "random_state": 42, "verbosity": -1}